First Activity,Second Activity,Governmental Law,Best Practice,Business Rule,Law of Nature,,
Scan ticket,Change number of bags,-,-,The organization requires the ticket to be scanned first to retrieve the necessary data about the passenger before allowing any changes to the baggage allowance.,The second activity cannot occur without the first activity because the necessary passenger information to change the number of bags is only accessible after scanning the ticket.,,
Scan ticket,Change seat,-,-,"The process of scanning the ticket is a prerequisite for accessing the passenger's information, which is necessary to handle any change requests, including changing seats.",-,,
Scan ticket,Check validity of documents,-,-,"The airline has established a rule that the ticket must be scanned to retrieve passenger information before checking the validity of documents, which is an operational procedure under their discretion.","The checking of document validity logically depends on the information obtained from scanning the ticket, making it necessary for the first activity to occur before the second.",,
Scan ticket,Weigh baggage,-,-,"The process requires that the ticket be scanned first to retrieve essential passenger information, which is necessary to associate the baggage with the passenger's ticket.","The scanning of the ticket is a prerequisite for weighing the baggage because the system needs to have the passenger's information before any baggage can be weighed, creating a logical dependency.",,
Scan ticket,Cancel check-in,-,-,"The organization has established a rule that requires the ticket to be scanned first to retrieve the necessary passenger information before any further actions, including cancellations, can be taken.","The cancellation process requires data that can only be obtained through the scanning of the ticket, creating a logical dependency.",,
Scan ticket,Process payment,-,-,"The airline requires the ticket information to be scanned first in order to associate any payment with the correct passenger and their luggage, which is a rule established by the organization.","Processing payment without first scanning the ticket would lead to a logical dependency issue, as the airline needs the ticket information to ensure accurate association of payment with the passenger's booking.",,
Scan ticket,Check-in luggage,-,-,The organization requires that the ticket be scanned first to retrieve essential passenger information necessary for handling the check-in process.,"The check-in process relies on the data obtained from the ticket scan, making it impossible to perform the check-in without this prior step.",,
Scan ticket,Load luggage,-,-,The airline has established a specific process that requires the ticket to be scanned first to gather essential passenger information before any luggage can be loaded.,"The loading of luggage cannot logically occur before the ticket is scanned, as the latter provides the critical information needed for the entire check-in process.",,
Change number of bags,Change seat,-,-,"The airline's internal policies dictate that changes to the number of bags must be processed before any changes to the seat can be made, ensuring that luggage is accounted for before adjusting seating arrangements.",-,,
Change number of bags,Check validity of documents,-,-,"The airline has established a procedure where changes to the number of bags can be made based on passenger requests, which is a rule set for operational efficiency and customer service.",-,,
Change number of bags,Weigh baggage,-,-,"The process of changing the number of bags is determined by the airline's policies and procedures, which are under the jurisdiction of the stakeholders involved.",-,,
Change number of bags,Cancel check-in,-,-,The airline has established a specific protocol that requires handling change requests before proceeding to cancel the check-in.,-,,
Change number of bags,Process payment,-,-,The airline has established a specific procedure that requires passengers to request changes to their baggage allowance before any payment is processed.,-,,
Change number of bags,Check-in luggage,-,-,"The airline has established a specific process that requires any changes to the number of bags to be handled prior to the actual check-in of the luggage, which is a rule under their jurisdiction.",-,,
Change number of bags,Load luggage,-,-,"The airline has established a procedure that requires any changes to the number of bags to be processed before the luggage is loaded onto the aircraft, ensuring accurate association of the ticket with the correct number of bags.",-,,
Change seat,Check validity of documents,-,-,"The airline allows for last-minute changes to seat assignments as part of its internal policies, which can be changed at their discretion.",-,,
Change seat,Weigh baggage,-,-,"The airline has established procedures regarding how to handle passenger requests for changes, which includes processing changes before weighing baggage to ensure accurate information.",-,,
Change seat,Cancel check-in,-,-,The airline has established a protocol that requires handling change requests before proceeding to cancel the check-in process to ensure proper management of passenger requests.,-,,
Change seat,Process payment,-,-,"The airline has established a procedure that requires any changes to a passenger's booking to be completed before processing any payment, which is under their jurisdiction.",-,,
Change seat,Check-in luggage,-,-,"The airline has established a procedure that requires any changes to the passenger's booking, such as seat changes, to be handled before the actual check-in of luggage.",-,,
Change seat,Load luggage,-,-,"The airline has established a procedure that requires any changes to passenger information, such as seat assignments, to be completed before the luggage is loaded onto the aircraft.",-,,
Check validity of documents,Weigh baggage,-,-,"The airline has established a rule to check the validity of documents before proceeding with any other activities, including weighing the baggage, to avoid wasting time on invalid passengers.",-,,
Check validity of documents,Cancel check-in,-,-,"The process requires checking the validity of documents before canceling the check-in to avoid wasting time on invalid check-ins, reflecting an internal operational guideline.",-,,
Check validity of documents,Process payment,-,-,The airline has established a rule that requires the validation of documents before processing payments to prevent losses from invalid tickets.,-,,
Check validity of documents,Check-in luggage,-,-,The airline has established a rule that requires the validation of documents before proceeding with the check-in process to ensure that only valid passengers are checked in.,-,,
Check validity of documents,Load luggage,-,-,"The process of checking the validity of documents is a rule established by the airline, which can enforce this requirement at their discretion.",-,,
Weigh baggage,Cancel check-in,-,-,"The airline has established a procedure that requires the baggage to be weighed before any check-in cancellation can occur, ensuring that overweight fees are assessed.","The cancellation of check-in cannot logically occur before weighing the baggage, as the weight information is necessary to assess if the baggage exceeds the weight limit.",,
Weigh baggage,Process payment,-,-,The airline has established a specific procedure that requires the baggage to be weighed before any payment is processed to ensure accurate billing based on the actual weight of the luggage.,-,,
Weigh baggage,Check-in luggage,There are regulations and safety standards that require luggage to be weighed to ensure it does not exceed safe weight limits for manual handling and aircraft loading.,-,-,The relationship is based on logical dependency,,"The contextual origin of why ""Weigh baggage"" occurs before ""Check-in luggage"" best fits the category of **Governmental Law**. This is because there are regulations and safety standards in place that require luggage to be weighed to ensure that it does not exceed safe weight limits for manual handling and aircraft loading. These regulations are enforced by governmental aviation authorities to protect both the airline staff and the safety of the aircraft during takeoff.  I chose **Governmental Law** over the other categories because:  - **Best Practice**: While weighing baggage could be considered a best practice for operational efficiency, it is primarily driven by legal requirements for safety and compliance rather than just organizational preference. - **Business Rule**: Although airlines may have their own rules regarding baggage handling, the fundamental requirement to weigh luggage stems from external regulations rather than internal discretion.  Regarding the law of nature, the ordering of ""Weigh baggage"" before ""Check-in luggage"" is indeed due to a law of nature. The relationship is based on logical dependency: you cannot check in luggage without first knowing its weight, as this information is crucial for ensuring that the total weight of the aircraft is within safe limits. If the baggage is overweight, it must be addressed before proceeding with the check-in process. Thus, the logical sequence necessitates that weighing occurs first to avoid potential safety issues and compliance violations. {""First Activity"": ""Weigh baggage"", ""Second Activity"": ""Check-in luggage"", ""Contextual Origin"": {""Category"": ""Governmental Law"", ""Justification"": ""There are regulations and safety standards that require luggage to be weighed to ensure it does not exceed safe weight limits for manual handling and aircraft loading.""}, ""Law of Nature"": {""Answer"": ""Yes"", ""Justification"": ""The relationship is based on logical dependency, you cannot check in luggage without first knowing its weight, which is crucial for safety and compliance.""}}"
Weigh baggage,Load luggage,There are regulations and safety standards that require baggage to be weighed to ensure it does not exceed safe weight limits for manual handling and to comply with aircraft weight restrictions.,-,-,The relationship is based on logical dependency,,"The contextual origin of why ""Weigh baggage"" occurs before ""Load luggage"" can best be categorized as **Governmental Law**. This is because there are regulations and safety standards in place that require baggage to be weighed to ensure that it does not exceed safe weight limits for manual handling and to comply with aircraft weight restrictions. These laws are enforced by aviation authorities to protect the safety of passengers and crew, as well as to ensure the aircraft operates within its weight limits.  I chose **Governmental Law** over the other categories because:  - **Best Practice**: While weighing baggage may be considered a best practice in the industry, it is not merely a recommendation, it is a requirement enforced by regulatory bodies. Best practices are not mandatory and can vary between organizations, whereas governmental laws are obligatory.    - **Business Rule**: Business rules are internal to the organization and can be changed at the discretion of the stakeholders. The requirement to weigh baggage is not something that the airline can choose to ignore or modify without facing legal consequences.  Regarding the law of nature, the ordering of ""Weigh baggage"" before ""Load luggage"" is indeed due to a law of nature as well. The relationship is based on logical dependency: you cannot load luggage onto the aircraft without first knowing its weight. This is crucial for ensuring that the total weight of the aircraft is within safe operational limits. If the luggage is not weighed first, it could lead to overloading the aircraft, which is a safety hazard. Therefore, both the governmental law and the logical dependency justify the ordering of these activities. {""First Activity"": ""Weigh baggage"", ""Second Activity"": ""Load luggage"", ""Contextual Origin"": {""Category"": ""Governmental Law"", ""Justification"": ""There are regulations and safety standards that require baggage to be weighed to ensure it does not exceed safe weight limits for manual handling and to comply with aircraft weight restrictions.""}, ""Law of Nature"": {""Answer"": ""Yes"", ""Justification"": ""The relationship is based on logical dependency, you cannot load luggage onto the aircraft without first knowing its weight to ensure the aircraft is within safe operational limits.""}}"
Cancel check-in,Process payment,-,-,"The airline has established a specific protocol that requires the cancellation of the check-in process if certain conditions are not met, such as the validity of the ticket or passport.",-,,
Cancel check-in,Check-in luggage,-,-,"The airline's policy dictates that if the ticket or passport is not valid, the check-in process can be canceled, which is a rule under the jurisdiction of the airline.",You cannot check in luggage without first ensuring that the check-in process is valid,,"The contextual origin of why ""Cancel check-in"" occurs before ""Check-in luggage"" can best be categorized as a **Business Rule**. This is because the process description indicates that if the ticket or passport is not valid, the entire check-in process can be canceled. This is a rule that is under the jurisdiction of the airline and its staff, who have the discretion to enforce this rule to ensure that only valid tickets and documents are processed. The airline's policy dictates that if there are issues with the ticket or passport, the check-in cannot proceed, which aligns with the definition of a Business Rule.  I did not choose **Governmental Law** because there is no indication that this ordering is mandated by any governmental regulations, it is more about the internal policies of the airline. Similarly, I did not select **Best Practice** because while it may be a common practice among staff, it is not merely a suggestion but a rule that must be followed to avoid processing invalid check-ins.  Regarding the law of nature, the ordering is indeed due to a law of nature in the sense that you cannot check in luggage without first ensuring that the check-in process is valid. If the check-in is canceled due to invalid documents, then logically, there would be no luggage to check in. This creates a logical dependency where the second activity (Check-in luggage) cannot occur without the first activity (Cancel check-in) being resolved first. Thus, the relationship is both a Business Rule and a law of nature due to the logical dependency involved. {""First Activity"": ""Cancel check-in"", ""Second Activity"": ""Check-in luggage"", ""Contextual Origin"": {""Category"": ""Business Rule"", ""Justification"": ""The airline's policy dictates that if the ticket or passport is not valid, the check-in process can be canceled, which is a rule under the jurisdiction of the airline.""}, ""Law of Nature"": {""Answer"": ""Yes"", ""Justification"": ""You cannot check in luggage without first ensuring that the check-in process is valid, if the check-in is canceled, there is no luggage to check in.""}}"
Cancel check-in,Load luggage,-,-,"The airline has established a rule that if the check-in is canceled, no further activities should be performed, which is under their discretion.","There is a logical dependency that prevents loading luggage associated with a canceled check-in, as it would create confusion and issues with baggage handling.",,
Process payment,Check-in luggage,-,-,"The airline has established a rule that requires payment to be processed before the check-in of luggage, which is under their jurisdiction and can be changed at their discretion.",-,,
Process payment,Load luggage,-,-,"The airline has established a rule that requires payment to be processed before the luggage is loaded onto the aircraft, which is under their jurisdiction and can be changed at their discretion.",-,,
Check-in luggage,Load luggage,-,-,The airline has established a rule that luggage must be checked in and associated with the passenger's ticket information before it can be loaded onto the aircraft.,"The physical handling of luggage requires that it be checked in first to ensure safety and proper weight management, making it logically impossible to load luggage without completing the check-in process.",,
